{
	"Hungry Ghost Bread":[-72.634813,42.322923,"Hungry Ghost Bread"],
	"Amanouz Cafe":[-72.629032,42.319586,"Amanouz Cafe"],
	"Woodstar Cafe":[-72.633368,42.318757,"Woodstar Cafe"],
	"Mosaic Cafe":[-72.633209,42.319048,"Mosaic Cafe"],
	"The Green Bean":[-72.63276,42.318034,"The Green Bean"],
	"SIP Cafe & Coffee Bar":[-72.631479,42.317554,"SIP Cafe & Coffee Bar"],
	"Local Burger":[-72.62863,42.319927,"Local Burger"],
	"Haymarket Cafe":[-72.631818,42.318342,"Haymarket Cafe"],
	"India House":[-72.633966,42.319089,"India House"],
	"The Roost":[-72.628242,42.3209625,"The Roost"],
	"Paul & Elizabeth's":[-72.630536,42.318173,"Paul & Elizabeth's"],
	"Sylvester's":[-72.628195,42.318257,"Sylvester's"],
	"Tunnel Bar":[-72.627008,42.319253,"Tunnel Bar"],
	"Tart Baking Co.":[-72.631476,42.317868,"Tart Baking Co."],
	"LimeRed Teahouse":[-72.629674,42.319189,"LimeRed Teahouse"],
	"Bueno Y Sano":[-72.630618,42.31857,"Bueno Y Sano"],
	"Bistro Les Gras":[-72.636646,42.316639,"Bistro Les Gras"],
	"Mulinos":[-72.627645,42.31902,"Mulinos"],
	"Siam Square":[-72.628271,42.31874,"Siam Square"],
	"Hinge":[ -72.629131,42.319633,"Hinge"],
	"Herrell’s":[-72.630826,42.317921,"Herrell’s"],
	"GoBerry":[-72.629971,42.319325,"GoBerry"],
	"Noodles":[-72.633166,42.317944,"Noodles"],
	"Pizza Amore":[-72.636815, 42.316722,"Pizza Amore"],	
	"Bruegger’s Bagels":[-72.630084,42.318977,"Bruegger’s Bagels"],
	"Spoleto Restaurant":[-72.628085,42.320474,"Spoleto Restaurant"],
	"Pizzeria Paradiso":[-72.631548,42.317459,"Pizzeria Paradiso"],
	"Provisions":[-72.631568,42.317099,"Provisions"],
	"La Fiorentina":[-72.629757,42.318903,"La Fiorentina"],
	"The Dirty Truth":[-72.629144,42.320144,"The Dirty Truth"],
	"Northampton Coffee":[-72.62623,42.316802,"Northampton Coffee"],
	"Serio’s Market":[-72.634064,42.320076,"Serio’s Market"],
	"Starbucks":[-72.632226,42.318096,"Starbucks"]
}