{
	"Tripoli,Libya":[13.1913382999999,32.8872094,15],
	"Vienna,Austria":[16.3738189,48.2081743,3],
	"Paris, France":[2.35222190000001,48.856614,3],
	"Tunis, Tunisia":[10.1815315999999,36.8064948,5],
	"Singapore, Singapore":[103.819836,1.352083,15],
	"Kuala Lumpur, Malaysia":[101.686854999999,3.139003,3],
	"Johor Bahru,  Malaysia":[103.741359099999,1.492659,7],
	"Tioman Island, Malaysia":[104.1698463,2.7902494,3],
	"Bintan Island, Indonesia":[104.4257533,1.1367041,3],
	"Khartoum, Sudan":[32.5598993999999,15.5006544,15],
	"Juba, Sudan":[24.45,12.15,3],
	"Port Sudan, Sudan":[37.1901616,19.5903471,3],
	"Cairo, Egypt":[31.2357116,30.0444196,7],
	"Luxor, Egypt":[32.6396356999999,25.6872431,5],
	"Alexandria, Egypt":[29.9187386999999,31.2000924,3],
	"Asmara, Eritrea":[38.9250517,15.3228767,3],
	"Massawa, Eritrea":[39.4553839,15.607875,3],
	"Nairobi, Kenya":[36.8219461999999,-1.2920659,3],
	"Mombasa, Kenya":[39.6682065,-4.0434771,3],
	"Amman, Jordan":[35.9456950999999,31.9565783,3],
	"London, UK":[-0.127758299999982,51.5073509,5],
	"Washington D.C., USA":[-77.0368707,38.9071923,3],
	"New York City, USA":[-74.0059413,40.7127837,3],
	"New Jersey, USA":[-74.4056612,40.0583238,3],
	"Toronto, Canada":[-79.3831842999999,43.653226,3],
	"Montreal, Canada":[-73.5672559999999,45.5016889,3],
	"Québec City, Canada":[-71.242796,46.8032826,3],
	"Madrid, Spain":[-3.70379019999995,40.4167754,3],
	"Barcelona, Spain":[2.17340349999994,41.3850639,3],
	"Oxford, UK":[-1.25772630000005,51.7520209,3],
	"Nice, France":[7.26195319999999,43.7101728,3],
	"Brussels, Belgium":[4.35171030000003,50.8503396,3],
	"Geneva, Switzerland":[6.14315769999996,46.2043907,3],
	"Bern, Switzerland":[7.44744679999996,46.9479739,3],
	"Lausanne, Switzerland":[6.63227340000003,46.5196535,3],
	"Milan, Italy":[9.18592430000001,45.4654219,3],
	"Florence, Italy":[11.2558136,43.7695604,3],
	"Rome, Italy":[12.4963655,41.9027834999999,5],
	"Naples, Italy":[14.2681244,40.8517746,5],
	"Malta, Malta":[14.3754159999999,35.937496,3],
	"Berlin, Germany":[13.4049539999999,52.5200065999999,3],
	"Munich, Germany":[11.5819805999999,48.1351253,3],
	"Amsterdam, Netherlands":[4.89516789999993,52.3702157,3],
	"Venice, Italy":[12.3155150999999,45.4408474,5],
	"Prague, Czech Republic":[14.4378004999999,50.0755381,3],
	"Hanoi, Vietnam":[105.834159799999,21.0277644,7],
	"Bangkok, Thailand":[100.5017651,13.7563309,3],
	"Sapa, Vietnam":[103.8459004,22.3380984,3],
	"Pattaya":[100.877081299999,12.9276082,3],
	"Siem Reap, Cambodia":[103.866985699999,13.4124693,3],
	"Beijing, China":[116.407394999999,39.904211,3],
	"Sydney, Australia":[151.2069902,-33.8674869,3],
	"Hong Kong, China":[114.109497,22.396428,3],
	"Tokyo, Japan":[139.691706399999,35.6894875,3],
	"Fukuoka, Japan":[130.4017155,33.5903547,3],
	"Yufuin, Japan":[131.354943,33.262402,3],
	"Seoul, Korea":[126.977969199999,37.566535,15],
	"Busan, South Korea":[129.0756416,35.1795543,7],
	"Yangyang, Korea":[128.618850299999,38.0753925,7],
	"Songdo, Korea":[126.643854599999,37.3839118,3],
	"Jeju, Korea":[126.5311884,33.4996213,3],
	"Gwangju, Korea":[126.852601199999,35.1595454,3],
	"Suwon, Korea":[127.0286009,37.2635727,7],
	"Ilsan, Korea":[126.771177399999,37.6783756,10],
	"Gyeongju, Korea":[129.224747699999,35.8561719,7]
}