{"IBK 커뮤니케이션 센터":[126.94925,37.463902,"IBK 커뮤니케이션 센터"],"갈매기 조나단":[126.951755,37.479288,"갈매기 조나단"],"민들래영토":[126.939026,37.470443,"민들래영토"],"라쿠치나":[126.950939,37.448776,"라쿠치나"],"불고기브라더스 서울대점":[126.951606,37.484139,"불고기브라더스 서울대점"],"산채":[126.951435,37.481211,"산채"]}