{"도스타코스":[ 126.952721,37.479147, "도스타코스"],
"초밥소해" :[ 126.952925,37.479109,"초밥소해" ],
"Alleway":[ 126.953166,37.479087,"Alleway"],
"72420" :[126.953284, 37.479045, "72420" ],
"등짝":[126.953424, 37.479005, "등짝"],
"순이네 밥상":[126.953658,37.479047, "순이네 밥상"],
"Journey":[ 126.953704,37.479012,"Journey"],
"쿠마":[ 126.953807, 37.478962,"쿠마"],
"BUNKER":[ 126.953939, 37.478952,"BUNKER"],
"Sudamerica":[126.954070,37.478908, "Sudamerica"],
"인디안참숯양꼬치":[126.954178,37.478878, "인디안참숯양꼬치"],
"랄라":[126.954371,37.478825, "랄라"],
"초":[126.954467,37.478791, "초"],
"낭만싸롱":[126.954675, 37.478723,"낭만싸롱"],
"먹을래싸갈래":[126.954825,37.478671,"먹을래싸갈래"],
"정박사 정육식당":[126.953162, 37.479230, "정박사 정육식당"],
"낙지마당":[126.953587,37.479274,"낙지마당"],
"Winery":[126.953745, 37.479143, "Winery"],
"쌈마을":[126.954129,37.479036, "쌈마을"],
"막걸리 잡":[126.9542860, 37.4789730,"막걸리 잡"],
"훈남훈제요리":[ 126.954379, 37.478950,"훈남훈제요리"],
"Suntory":[  126.954698, 37.478926,"Suntory"],
"황금퓨전호프":[ 126.954840, 37.478809, "황금퓨전호프"],
"오며가며":[ 126.954984, 37.478632,"오며가며"],
"뚜레쥬르":[126.9556270, 37.4784450,"뚜레쥬르"],
"다미 왕돈까스":[ 126.955571, 37.478313,"다미 왕돈까스"],
"티라노커피":[ 126.955525, 37.478185,"티라노커피"],
"세상과 연애하기":[ 126.955807, 37.478430,"세상과 연애하기"],
"김양쌀롱":[ 126.955659,37.478760,"김양쌀롱"],
"왕대포 5000냥":[ 126.955638, 37.478804,"왕대포 5000냥"],
"우동먹고갈래" :[ 126.955654,37.478860,"우동먹고갈래" ],
"봉구비어":[ 126.955598, 37.478885,"봉구비어"],
"치킨678":[ 126.955559, 37.479232,"치킨678"],
"tadaima":[ 126.955578,  37.479349,"tadaima"],
"말자싸롱":[ 126.955469, 37.479439,"말자싸롱"],
"Lingo":[ 126.955445, 37.479536,"Lingo"],
"매운갈비찜":[ 126.955291,  37.479441,"매운갈비찜"],
"천희 양꼬치":[ 126.955355, 37.479251,"천희 양꼬치"],
"옛날포차":[ 126.955371, 37.479149,"옛날포차"],
"박가네빈대포차":[ 126.955235, 37.479570,"박가네빈대포차"],
"필커피":[ 126.955119, 37.479570,"필커피"],
"골갑":[ 126.954988, 37.479634,"골갑"],
"코너오뎅":[ 126.954784, 37.479702,"코너오뎅"],
"성민 양꼬치":[ 126.954661, 37.479769,"성민 양꼬치"],
"이모네 막창":[ 126.954510, 37.479821,"이모네 막창"],
"구이의 반장 군반장":[ 126.954280, 37.479896,"구이의 반장 군반장"],
"벌집삼겹살":[126.9535640, 37.4801330,"벌집삼겹살"],
"봉추찜닭":[126.9542340, 37.4801420,"봉추찜닭"],
"오븐에 빠진 닭":[ 126.954194, 37.480079,"오븐에 빠진 닭"],
"로향 양꼬치" :[ 126.954305,37.480030,"로향 양꼬치" ],
"이모네 막창":[ 126.954397,37.479851,"이모네 막창"],
"서울곱창":[ 126.954612, 37.479986,"서울곱창"],
"올레":[ 126.955017, 37.479800,"올레"],
"주전자":[ 126.955101, 37.479777,"주전자"],
"포오리포차":[ 126.955162, 37.479707,"포오리포차"]}