{"성민양꼬치":[126.95473,37.479755,"성민양꼬치"],"로꼬로꼬조개찜":[126.9520008,37.4824836,"로꼬로꼬조개찜"],"나인온즈버거":[126.9583292,37.4773612,"나인온즈버거"],"지구당":[126.9527374,37.4782488,"지구당"],"모힝":[126.9534894,37.47905,"모힝"],"쟝블랑제리":[126.9619770,37.4771230,"쟝블랑제리"],"옷살":[126.9528593,37.4795931,"옷살"],"심통난초밥":[126.9570704,37.4793252,"심통난초밥"]}