{"올림픽 공원":[127.1250552,37.516533,"올림픽 공원"], "윈터근린공원":[127.150656,37.553136,"윈터근린공원"], "함경도 찹쌀순대":[127.121319,37.494840,"함경도 찹쌀순대"],"잠실 한강공원":[127.0808333,37.5179614,"잠실 한강공원"],"여의도 IFC몰":[126.9230958,37.5249409,"여의도 IFC몰"], "보라매공원":[126.9209728,37.4929771,"보라매공원"]}