{"Angel Stadium of Anaheim(LAA)":[33.800299, -117.882550,"Angel Stadium of Anaheim"],"AT&T Park(SF)":[37.778553, -122.388959,"AT&T Park"],"Busch Stadium(STL)":[38.622677, -90.192563,"Busch Stadium"],"Chase Field(ARI)":[33.445336, -112.066981,"Chase Field"],"Citi Field(NYM)":[40.757063, -73.845542,"Citi Field"],"Citizens Bank Park(PHI)":[39.906032, -75.166088,"Citizens Bank Park"],"Comerica Park(DET)":[42.338959, -83.048198,"Comerica Park"],"Coors Field(COL)":[39.755899, -104.993878,"Coors Field"],"Dodger Stadium(LAD)":[34.072798, -118.240090,"Dodger Stadium(LA Dodgers)"],"Fenway Park(BOS)":[42.346676, -71.096596,"Fenway Park"],"Globe Life Park in Arlington(TEX)":[32.751155, -97.081973,"Globe Life Park in Arlington"],"Great American Ball Park(CIN)":[39.097965, -84.507261,"Great American Ball Park"],"Kauffman Stadium(KC)":[39.051755, -94.479670,"Kauffman Stadium"],"Marlins Park(MIA)":[25.778089, -80.219800,"Marlins Park"],"Miller Park(MIL)":[43.027909, -87.970739,"Miller Park"],"Minute Maid Park(HOU)":[29.757352, -95.355143,"Minute Maid Park"],"Nationals Park(WSH)":[38.873019, -77.006703,"Nationals Park"],"O.co Coliseum(OAK)":[37.751552, -122.199999,"O.co Coliseum"],"Oriole Park at Camden Yards(BOL)":[39.284106, -76.621319,"Oriole Park at Camden Yards"],"Petco Park(SD)":[32.707321, -117.156862,"Petco Park"],"PNC Park(PIT)":[40.446847, -80.005151,"PNC Park"],"Progressive Field(CLE)":[41.496267, -81.684574,"Progressive Field"],"Rogers Centre(TOR)":[43.641515, -79.388903,"Rogers Centre"],"Safeco Field(SEA)":[47.591602, -122.332834,"Safeco Field"],"Target Field(MIN)":[44.981577, -93.277315,"Target Field"],"Tropicana Field(TB)":[27.768130, -82.652652,"Tropicana Field"],"Turner Field(ATL)":[33.734808, -84.389587,"Turner Field"],"U.S. Cellular Field(CHW)":[41.829762, -87.632508,"U.S. Cellular Field"],"Wrigley Field(CHC)":[41.948534, -87.655097,"Wrigley Field"],"Yankee Stadium(NYY)":[40.829553, -73.925799,"Yankee Stadium"]}	