{
	"동원관":[126.951675,37.464976,"동원관"],
	"감골식당":[126.950078,37.463279,"감골식당"],
	"음미대식당":[126.953057,37.461839,"음미대식당"],
	"자하연":[126.952553,37.460945,"자하연"],
	"학관":[126.950641,37.459273,"학관"],
	"농대식당":[126.948597,37.456292,"농대식당"],
	"사범대식당":[126.955664,37.460695,"사범대식당"],
	"공깡":[126.951355,37.457642,"공깡"],
	"기숙사식당":[126.958448,37.463462,"기숙사식당"],
	"220동 식당":[126.954133,37.464347,"220동 식당"],
	"301동 식당":[126.952542,37.449827,"301동 식당"],
	"302동 식당":[126.952536,37.448848,"302동 식당"],
	"솔밭식당":[126.954021,37.458183,"솔밭식당"]
}